{
    "version": 3,
    "name": "Add Amount to Suffix",
    "func_name": "sna_add_amount_to_suffix_7E4B4",
    "inputs": [
        {
            "idname": "SN_StringSocket",
            "name": "In_String",
            "subtype": "NONE"
        },
        {
            "idname": "SN_IntegerSocket",
            "name": "Amount",
            "subtype": "NONE"
        }
    ],
    "outputs": [
        {
            "idname": "SN_StringSocket",
            "name": "Out_String",
            "subtype": "NONE"
        }
    ],
    "function": "def sna_add_amount_to_suffix_7E4B4(In_String, Amount):\n    return (In_String.split('.')[0] + '.' + str(int(string_to_type(In_String.split('.')[1], float, 0) + Amount)) if (len(str(int(string_to_type(In_String.split('.')[1], float, 0) + Amount))) == 3) else (In_String.split('.')[0] + '.0' + str(int(string_to_type(In_String.split('.')[1], float, 0) + Amount)) if (len(str(int(string_to_type(In_String.split('.')[1], float, 0) + Amount))) == 2) else (In_String.split('.')[0] + '.00' + str(int(string_to_type(In_String.split('.')[1], float, 0) + Amount)) if (len(str(int(string_to_type(In_String.split('.')[1], float, 0) + Amount))) == 1) else None)))",
    "import": "",
    "imperative": "",
    "register": "",
    "unregister": "",
    "variables": [],
    "properties": [],
    "variable_defs": {},
    "properties_defs": {}
}