{
    "version": 3,
    "name": "List of installed plugins",
    "func_name": "sna_list_of_installed_plugins_E89F7",
    "inputs": [
        {
            "idname": "SN_ExecuteSocket",
            "name": "Execute",
            "subtype": "NONE"
        }
    ],
    "outputs": [
        {
            "idname": "SN_ExecuteSocket",
            "name": "Execute",
            "subtype": "NONE"
        },
        {
            "idname": "SN_ListSocket",
            "name": "InstalledPluginInstalled",
            "subtype": "NONE"
        },
        {
            "idname": "SN_ListSocket",
            "name": "InstalledPluginActive",
            "subtype": "NONE"
        },
        {
            "idname": "SN_ListSocket",
            "name": "InstalledPluginVersion",
            "subtype": "NONE"
        },
        {
            "idname": "SN_ListSocket",
            "name": "InstalledPluginDescription",
            "subtype": "NONE"
        },
        {
            "idname": "SN_ListSocket",
            "name": "InstalledPluginCategory",
            "subtype": "NONE"
        }
    ],
    "function": "def sna_list_of_installed_plugins_E89F7():\n    InstalledPluginList = None\n    InstalledPluginFolderName = None\n    InstalledPluginVersion = None\n    InstalledPluginDescription = None\n    InstalledPluginCategory = None\n    import addon_utils\n    InstalledPluginList = []\n    InstalledPluginFolderName = []\n    InstalledPluginVersion = []\n    InstalledPluginDescription = []\n    InstalledPluginCategory = []\n    for mod in addon_utils.modules():\n        InstalledPluginList.append(mod.bl_info.get('name'))\n        filepath = mod.__file__\n        ck = '\\\\'\n        ch = \"\\\\addons\"\n        ch = ch.removesuffix(ck)\n        ch = ch.removeprefix(ck)\n        pattern  = \".*\" + ch \n        strValue = re.sub(pattern, '', filepath)\n        cc = \".py\"\n        FolderName = strValue.removesuffix(cc)\n        cb = \"__init__\"\n        FolderName = FolderName.removesuffix(cb)\n        FolderName = FolderName.removesuffix(ck)\n        FolderName = FolderName.removeprefix(ck)\n        InstalledPluginFolderName.append(FolderName)\n        InstalledPluginVersion.append(mod.bl_info.get('version', (-1, -1, -1)))\n        InstalledPluginDescription.append(mod.bl_info.get('description'))\n        InstalledPluginCategory.append(mod.bl_info.get('category'))\n    return [InstalledPluginList, InstalledPluginFolderName, InstalledPluginVersion, InstalledPluginDescription, InstalledPluginCategory]",
    "import": "import bpy\nimport re",
    "imperative": "",
    "register": "",
    "unregister": "",
    "variables": [],
    "properties": [],
    "variable_defs": {},
    "properties_defs": {}
}