{
    "version": 3,
    "name": "Blender Appdata Path",
    "func_name": "sna_blender_appdata_path_22557",
    "inputs": [],
    "outputs": [
        {
            "idname": "SN_StringSocket",
            "name": "Appdata_Path",
            "subtype": "NONE"
        },
        {
            "idname": "SN_StringSocket",
            "name": "Config_Path",
            "subtype": "NONE"
        },
        {
            "idname": "SN_StringSocket",
            "name": "Addons_Path",
            "subtype": "NONE"
        }
    ],
    "function": "def sna_blender_appdata_path_22557():\n    blenderappdata_path = None\n    user_path = bpy.utils.resource_path('USER')\n    blenderappdata_path = user_path\n    return [blenderappdata_path, blenderappdata_path + '\\\\config', blenderappdata_path + '\\\\scripts\\\\addons']",
    "import": "import os",
    "imperative": "",
    "register": "",
    "unregister": "",
    "variables": [],
    "properties": [],
    "variable_defs": {},
    "properties_defs": {}
}