{
    "version": 3,
    "name": "Change Material Slot",
    "func_name": "sna_change_material_slot_52BEC",
    "inputs": [
        {
            "idname": "SN_ExecuteSocket",
            "name": "Execute",
            "subtype": "NONE"
        },
        {
            "idname": "SN_IntegerSocket",
            "name": "Select_Slot",
            "subtype": "NONE"
        },
        {
            "idname": "SN_BooleanSocket",
            "name": "Assign_Material_to_Slot",
            "subtype": "NONE"
        },
        {
            "idname": "SN_PropertySocket",
            "name": "Material",
            "subtype": "NONE"
        }
    ],
    "outputs": [
        {
            "idname": "SN_ExecuteSocket",
            "name": "Execute",
            "subtype": "NONE"
        }
    ],
    "function": "def sna_change_material_slot_52BEC(Select_Slot, Assign_Material_to_Slot, Material):\n    bpy.context.view_layer.objects.active.active_material_index = Select_Slot\n    if Assign_Material_to_Slot:\n        bpy.context.active_object.active_material = Material\n        ",
    "import": "",
    "imperative": "",
    "register": "",
    "unregister": "",
    "variables": [],
    "properties": [],
    "variable_defs": {},
    "properties_defs": {}
}