{
    "version": 3,
    "name": "Clamp",
    "func_name": "sna_clamp_89963",
    "inputs": [
        {
            "idname": "SN_FloatSocket",
            "name": "Value",
            "subtype": "NONE"
        },
        {
            "idname": "SN_IntegerSocket",
            "name": "Clamp_Range_Min",
            "subtype": "NONE"
        },
        {
            "idname": "SN_IntegerSocket",
            "name": "Clamp_Range_Max",
            "subtype": "NONE"
        },
        {
            "idname": "SN_IntegerSocket",
            "name": "Round_Number",
            "subtype": "NONE"
        }
    ],
    "outputs": [
        {
            "idname": "SN_FloatSocket",
            "name": "Result",
            "subtype": "NONE"
        }
    ],
    "function": "def sna_clamp_89963(Value, Clamp_Range_Min, Clamp_Range_Max, Round_Number):\n    value = Value\n    b0 = Clamp_Range_Min\n    b1 = Clamp_Range_Max\n    clamped_value = None\n    # Set the value that you want to clamp\n    # Clamp the value between 1 and 0\n    clamped_value = min(max(value, b0), b1)\n    print(clamped_value)  # Outputs: 0.5\n    return round(clamped_value, abs(Round_Number))",
    "import": "import bpy",
    "imperative": "",
    "register": "",
    "unregister": "",
    "variables": [],
    "properties": [],
    "variable_defs": {},
    "properties_defs": {}
}