{
    "version": 3,
    "name": "Clear System Console",
    "func_name": "sna_clear_system_console_2C0EF",
    "inputs": [
        {
            "idname": "SN_ExecuteSocket",
            "name": "Execute",
            "subtype": "NONE"
        },
        {
            "idname": "SN_BooleanSocket",
            "name": "Also_clear_Print_Nodes",
            "subtype": "NONE"
        }
    ],
    "outputs": [
        {
            "idname": "SN_ExecuteSocket",
            "name": "Execute",
            "subtype": "NONE"
        }
    ],
    "function": "def sna_clear_system_console_2C0EF(Also_clear_Print_Nodes):\n    #Clear the system console\n    if os.name == \"nt\":\n        os.system(\"cls\") \n    else:\n        os.system(\"clear\") \n    if Also_clear_Print_Nodes:\n        for i_487EA in range(len(bpy.context.area.spaces[0].node_tree.nodes)):\n            if (bpy.context.area.spaces[0].node_tree.nodes[i_487EA].bl_idname == 'SN_PrintNode'):\n                bpy.ops.sn.clear_prints('INVOKE_DEFAULT', node_tree=bpy.context.area.spaces[0].node_tree.name, node=bpy.context.area.spaces[0].node_tree.nodes[i_487EA].name)\n                \n        \n    return",
    "import": "import os",
    "imperative": "",
    "register": "",
    "unregister": "",
    "variables": [],
    "properties": [],
    "variable_defs": {},
    "properties_defs": {}
}