{
    "version": 3,
    "name": "Combine Var Floats",
    "func_name": "sna_combine_var_floats_A3628",
    "inputs": [],
    "outputs": [
        {
            "idname": "SN_FloatVectorSocket",
            "name": "Vec2",
            "subtype": "NONE"
        }
    ],
    "function": "def sna_combine_var_floats_A3628():\n    return (nodetree_SNIPPET_VARS['sna_x'], nodetree_SNIPPET_VARS['sna_y'])",
    "import": "",
    "imperative": "",
    "register": "",
    "unregister": "",
    "variables": [
        {
            "name": "x",
            "python_name": "sna_x",
            "tree": "nodetree",
            "type": "Float",
            "customizable": true
        },
        {
            "name": "y",
            "python_name": "sna_y",
            "tree": "nodetree",
            "type": "Float",
            "customizable": true
        }
    ],
    "properties": [],
    "variable_defs": {
        "nodetree_SNIPPET_VARS": {
            "sna_x": "0.0",
            "sna_y": "0.0"
        }
    },
    "properties_defs": {}
}