{
    "version": 3,
    "name": "Create GN Group Node",
    "func_name": "sna_create_gn_group_node_99DBA",
    "inputs": [
        {
            "idname": "SN_ExecuteSocket",
            "name": "Execute",
            "subtype": "NONE"
        },
        {
            "idname": "SN_BooleanSocket",
            "name": "Show_Snippet_Info",
            "subtype": "NONE"
        },
        {
            "idname": "SN_StringSocket",
            "name": "Node_Name",
            "subtype": "NONE"
        },
        {
            "idname": "SN_StringSocket",
            "name": "Node_Label",
            "subtype": "NONE"
        },
        {
            "idname": "SN_StringSocket",
            "name": "Assing_NodeGroup_NodeTree",
            "subtype": "NONE"
        }
    ],
    "outputs": [
        {
            "idname": "SN_ExecuteSocket",
            "name": "Execute",
            "subtype": "NONE"
        },
        {
            "idname": "SN_PropertySocket",
            "name": "Node",
            "subtype": "NONE"
        }
    ],
    "function": "def sna_create_gn_group_node_99DBA(Show_Snippet_Info, Node_Name, Node_Label, Assing_NodeGroup_NodeTree):\n    if Show_Snippet_Info:\n        bpy.ops.wm.call_panel('INVOKE_DEFAULT', name='SNIPPET_PT_info_84720')\n    else:\n        node_801FE = bpy.data.node_groups['Geometry Nodes'].nodes.new(type='GeometryNodeGroup', )\n        node_801FE.name = Node_Name\n        node_801FE.label = Node_Label\n        if property_exists(\"bpy.data.node_groups[Assing_NodeGroup_NodeTree]\", globals(), locals()):\n            node_801FE.node_tree = bpy.data.node_groups[Assing_NodeGroup_NodeTree]\n            \n        bpy.context.view_layer.objects.active.modifiers.active.node_group.nodes.active = node_801FE\n    return node_801FE",
    "import": "",
    "imperative": "def property_exists(prop_path, glob, loc):\n    try:\n        eval(prop_path, glob, loc)\n        return True\n    except:\n        return False",
    "register": "",
    "unregister": "",
    "variables": [],
    "properties": [],
    "variable_defs": {},
    "properties_defs": {}
}