{
    "version": 3,
    "name": "Create Material (Active Object)",
    "func_name": "sna_create_material_AF811",
    "inputs": [
        {
            "idname": "SN_ExecuteSocket",
            "name": "Execute",
            "subtype": "NONE"
        },
        {
            "idname": "SN_StringSocket",
            "name": "Name",
            "subtype": "NONE"
        }
    ],
    "outputs": [
        {
            "idname": "SN_ExecuteSocket",
            "name": "Execute",
            "subtype": "NONE"
        }
    ],
    "function": "def sna_create_material_AF811(Name):\n    bpy.ops.object.material_slot_add('INVOKE_DEFAULT', )\n    material_2628A = bpy.data.materials.new(name=Name, )\n    bpy.context.active_object.material_slots[bpy.context.view_layer.objects.active.active_material_index].material = material_2628A\n    material_2628A.use_nodes = True\n    return",
    "import": "",
    "imperative": "",
    "register": "",
    "unregister": "",
    "variables": [],
    "properties": [],
    "variable_defs": {},
    "properties_defs": {}
}