{
    "version": 3,
    "name": "Delete File",
    "func_name": "sna_delete_file_12CC7",
    "inputs": [
        {
            "idname": "SN_ExecuteSocket",
            "name": "Execute",
            "subtype": "NONE"
        },
        {
            "idname": "SN_StringSocket",
            "name": "File_Path",
            "subtype": "NONE"
        }
    ],
    "outputs": [
        {
            "idname": "SN_ExecuteSocket",
            "name": "Execute",
            "subtype": "NONE"
        }
    ],
    "function": "def sna_delete_file_12CC7(File_Path):\n    file_path = File_Path\n    import os\n\n\n    # Set the file path of the file you want to delete\n    file_path = \"/path/to/file.txt\"\n    # Check if the file exists\n    if os.path.exists(file_path):\n        # Delete the file\n        os.remove(file_path)\n        print(\"File deleted successfully\")\n    else:\n        print(\"File does not exist\")\n",
    "import": "import bpy\n",
    "imperative": "\n",
    "register": "\n",
    "unregister": "\n",
    "variables": [],
    "properties": [],
    "variable_defs": {},
    "properties_defs": {}
}