{
    "version": 3,
    "name": "Delete Directory",
    "func_name": "sna_delete_directory_D8010",
    "inputs": [
        {
            "idname": "SN_ExecuteSocket",
            "name": "Execute",
            "subtype": "NONE"
        },
        {
            "idname": "SN_StringSocket",
            "name": "Dir_Path",
            "subtype": "NONE"
        }
    ],
    "outputs": [
        {
            "idname": "SN_ExecuteSocket",
            "name": "Execute",
            "subtype": "NONE"
        }
    ],
    "function": "def sna_delete_directory_D8010(Dir_Path):\n    dir_path = Dir_Path\n    import os\n\n\n    # Check if the directory exists\n    if os.path.exists(dir_path):\n        # Delete the directory\n        shutil.rmtree(dir_path)\n        print(\"Directory deleted successfully\")\n    else:\n        print(\"Directory does not exist\")\n",
    "import": "import bpy\nimport shutil\n",
    "imperative": "\n",
    "register": "\n",
    "unregister": "\n",
    "variables": [],
    "properties": [],
    "variable_defs": {},
    "properties_defs": {}
}