{
    "version": 3,
    "name": "Dynamic Enum Return",
    "func_name": "sna_dynamic_enum_return_2D2C0",
    "inputs": [
        {
            "idname": "SN_StringSocket",
            "name": "Object_Type",
            "subtype": "NONE"
        }
    ],
    "outputs": [
        {
            "idname": "SN_ListSocket",
            "name": "Output",
            "subtype": "NONE"
        }
    ],
    "function": "def sna_dynamic_enum_return_2D2C0(Object_Type):\n    nodetree_SNIPPET_VARS['sna_new_variable'] = []\n    for i_8AFAF in range(len(bpy.data.objects)):\n        if (bpy.data.objects[i_8AFAF].type == Object_Type):\n            nodetree_SNIPPET_VARS['sna_new_variable'].append([bpy.data.objects[i_8AFAF].name, bpy.data.objects[i_8AFAF].name, '', 0])\n            \n    return nodetree_SNIPPET_VARS['sna_new_variable']",
    "import": "",
    "imperative": "",
    "register": "",
    "unregister": "",
    "variables": [
        {
            "name": "New Variable",
            "python_name": "sna_new_variable",
            "tree": "nodetree",
            "type": "List",
            "customizable": false
        }
    ],
    "properties": [],
    "variable_defs": {
        "nodetree_SNIPPET_VARS": {
            "sna_new_variable": "[]"
        }
    },
    "properties_defs": {}
}