{
    "version": 3,
    "name": "Edit Select Mode",
    "func_name": "sna_edit_mode_select_414D0",
    "inputs": [
        {
            "idname": "SN_ExecuteSocket",
            "name": "Execute",
            "subtype": "NONE"
        },
        {
            "idname": "SN_EnumSocket",
            "name": "Input",
            "subtype": "CUSTOM_ITEMS",
            "enum_items": "['Vert', 'Edge', 'Face']"
        }
    ],
    "outputs": [
        {
            "idname": "SN_ExecuteSocket",
            "name": "Execute",
            "subtype": "NONE"
        }
    ],
    "function": "def sna_edit_mode_select_414D0(Input):\n    if Input == \"Vert\":\n        bpy.ops.mesh.select_mode('INVOKE_DEFAULT', type='VERT', action='ENABLE')\n        bpy.ops.mesh.select_mode('INVOKE_DEFAULT', type='EDGE', action='DISABLE')\n        bpy.ops.mesh.select_mode('INVOKE_DEFAULT', type='FACE', action='DISABLE')\n    elif Input == \"Edge\":\n        bpy.ops.mesh.select_mode('INVOKE_DEFAULT', type='VERT', action='DISABLE')\n        bpy.ops.mesh.select_mode('INVOKE_DEFAULT', type='EDGE', action='ENABLE')\n        bpy.ops.mesh.select_mode('INVOKE_DEFAULT', type='FACE', action='DISABLE')\n    elif Input == \"Face\":\n        bpy.ops.mesh.select_mode('INVOKE_DEFAULT', type='VERT', action='DISABLE')\n        bpy.ops.mesh.select_mode('INVOKE_DEFAULT', type='EDGE', action='DISABLE')\n        bpy.ops.mesh.select_mode('INVOKE_DEFAULT', type='FACE', action='ENABLE')\n    else:\n        pass",
    "import": "",
    "imperative": "",
    "register": "",
    "unregister": "",
    "variables": [],
    "properties": [],
    "variable_defs": {},
    "properties_defs": {}
}