{
    "version": 3,
    "name": "Enable Disable Addon",
    "func_name": "sna_enable_disable_addon_DFD91",
    "inputs": [
        {
            "idname": "SN_ExecuteSocket",
            "name": "Execute",
            "subtype": "NONE"
        },
        {
            "idname": "SN_StringSocket",
            "name": "Module_Name",
            "subtype": "NONE"
        },
        {
            "idname": "SN_BooleanSocket",
            "name": "Enable",
            "subtype": "NONE"
        },
        {
            "idname": "SN_BooleanSocket",
            "name": "Disable",
            "subtype": "NONE"
        }
    ],
    "outputs": [
        {
            "idname": "SN_ExecuteSocket",
            "name": "Execute",
            "subtype": "NONE"
        }
    ],
    "function": "def sna_enable_disable_addon_DFD91(Module_Name, Enable, Disable):\n    if Enable:\n        bpy.ops.preferences.addon_enable('INVOKE_DEFAULT', module=Module_Name)\n    else:\n        if Disable:\n            bpy.ops.preferences.addon_disable('INVOKE_DEFAULT', module=Module_Name)\n            ",
    "import": "",
    "imperative": "",
    "register": "",
    "unregister": "",
    "variables": [],
    "properties": [],
    "variable_defs": {},
    "properties_defs": {}
}