{
    "version": 3,
    "name": "Encode Byte String",
    "func_name": "sna_encode_byte_string_F2B64",
    "inputs": [
        {
            "idname": "SN_StringSocket",
            "name": "Input",
            "subtype": "NONE"
        }
    ],
    "outputs": [
        {
            "idname": "SN_StringSocket",
            "name": "Output",
            "subtype": "NONE"
        }
    ],
    "function": "def sna_encode_byte_string_F2B64(Input):\n    yourpath = Input\n    encodethisfriggenthing = None\n    encodethisfriggenthing = yourpath.encode()\n    out = encodethisfriggenthing\n    return encodethisfriggenthing",
    "import": "",
    "imperative": "",
    "register": "",
    "unregister": "",
    "variables": [],
    "properties": [],
    "variable_defs": {},
    "properties_defs": {}
}