{
    "version": 3,
    "name": "Set Attribute Geonode",
    "func_name": "sna_set_attribute_geonode_1347A",
    "inputs": [
        {
            "idname": "SN_ExecuteSocket",
            "name": "Execute",
            "subtype": "NONE"
        },
        {
            "idname": "SN_StringSocket",
            "name": "GN_Modifier_Name_002",
            "subtype": "NONE"
        },
        {
            "idname": "SN_IntegerSocket",
            "name": "Input_",
            "subtype": "NONE"
        },
        {
            "idname": "SN_StringSocket",
            "name": "Attribute",
            "subtype": "NONE"
        }
    ],
    "outputs": [
        {
            "idname": "SN_ExecuteSocket",
            "name": "Execute",
            "subtype": "NONE"
        }
    ],
    "function": "def sna_set_attribute_geonode_1347A(GN_Modifier_Name_002, Input_, Attribute):\n    bpy.ops.object.geometry_nodes_input_attribute_toggle('INVOKE_DEFAULT', prop_path='[\\\"Input_' + str(Input_) + '' + '_use_attribute\\\"]', modifier_name=GN_Modifier_Name_002)\n    bpy.context.object.modifiers[GN_Modifier_Name_002]['Input_' + str(Input_) + '' + '_attribute_name'] = Attribute\n    if bpy.context and bpy.context.screen:\n        for a in bpy.context.screen.areas:\n            a.tag_redraw()\n    return",
    "import": "",
    "imperative": "",
    "register": "",
    "unregister": "",
    "variables": [],
    "properties": [],
    "variable_defs": {},
    "properties_defs": {}
}