{
    "version": 3,
    "name": "Get Info Panel",
    "func_name": "sna_get_info_panel_31948",
    "inputs": [
        {
            "idname": "SN_ExecuteSocket",
            "name": "Execute",
            "subtype": "NONE"
        },
        {
            "idname": "SN_BooleanSocket",
            "name": "All_Lines",
            "subtype": "NONE"
        },
        {
            "idname": "SN_IntegerSocket",
            "name": "Amount_of_Lines",
            "subtype": "NONE"
        }
    ],
    "outputs": [
        {
            "idname": "SN_ExecuteSocket",
            "name": "Execute",
            "subtype": "NONE"
        },
        {
            "idname": "SN_ListSocket",
            "name": "Info_Panel_Lines",
            "subtype": "NONE"
        }
    ],
    "function": "def sna_get_info_panel_31948(All_Lines, Amount_of_Lines):\n    nodetree_SNIPPET_VARS['sna_retrieve_infopanel'] = []\n    prev_context = bpy.context.area.type\n    bpy.context.area.type = 'INFO'\n    bpy.ops.info.select_all('INVOKE_DEFAULT', action='DESELECT')\n    bpy.context.area.type = prev_context\n    prev_context = bpy.context.area.type\n    bpy.context.area.type = 'INFO'\n    bpy.ops.info.select_all('INVOKE_DEFAULT', action='SELECT')\n    bpy.context.area.type = prev_context\n    prev_context = bpy.context.area.type\n    bpy.context.area.type = 'INFO'\n    bpy.ops.info.report_copy('INVOKE_DEFAULT', )\n    bpy.context.area.type = prev_context\n    prev_context = bpy.context.area.type\n    bpy.context.area.type = 'INFO'\n    bpy.ops.info.select_all('INVOKE_DEFAULT', action='DESELECT')\n    bpy.context.area.type = prev_context\n    text_271AD = bpy.data.texts.new(name='Report Info', )\n    text_271AD.write(text=bpy.context.window_manager.clipboard, )\n    if All_Lines:\n        for i_F4321 in range(len(text_271AD.lines)-1,-1,-1):\n            if (text_271AD.lines[i_F4321].body != ''):\n                nodetree_SNIPPET_VARS['sna_retrieve_infopanel'].append(text_271AD.lines[i_F4321].body)\n                \n        bpy.data.texts.remove(text=bpy.data.texts['Report Info'], )\n        return nodetree_SNIPPET_VARS['sna_retrieve_infopanel']\n    else:\n        for i_219FA in range(len(text_271AD.lines)-1,-1,-1):\n            if (i_219FA == int(len(text_271AD.lines.values()) - 2.0 - Amount_of_Lines)):\n                break\n                \n            if (text_271AD.lines[i_219FA].body != ''):\n                nodetree_SNIPPET_VARS['sna_retrieve_infopanel'].append(text_271AD.lines[i_219FA].body)\n                \n        bpy.data.texts.remove(text=bpy.data.texts['Report Info'], )\n        return nodetree_SNIPPET_VARS['sna_retrieve_infopanel']",
    "import": "",
    "imperative": "",
    "register": "",
    "unregister": "",
    "variables": [
        {
            "name": "retrieve_infopanel",
            "python_name": "sna_retrieve_infopanel",
            "tree": "nodetree",
            "type": "List",
            "customizable": false
        }
    ],
    "properties": [],
    "variable_defs": {
        "nodetree_SNIPPET_VARS": {
            "sna_retrieve_infopanel": "[]"
        }
    },
    "properties_defs": {}
}