{
    "version": 3,
    "name": "Get Objects Collection",
    "func_name": "sna_get_user_collection_829AD",
    "inputs": [
        {
            "idname": "SN_ExecuteSocket",
            "name": "Execute",
            "subtype": "NONE"
        },
        {
            "idname": "SN_PropertySocket",
            "name": "Objects",
            "subtype": "NONE"
        }
    ],
    "outputs": [
        {
            "idname": "SN_ExecuteSocket",
            "name": "Execute",
            "subtype": "NONE"
        },
        {
            "idname": "SN_StringSocket",
            "name": "Collection_Name",
            "subtype": "NONE"
        },
        {
            "idname": "SN_PropertySocket",
            "name": "Collection_Property",
            "subtype": "NONE"
        }
    ],
    "function": "def sna_get_user_collection_829AD(Objects):\n    if bpy.context.view_layer.objects.active:\n        for i_C831D in range(len(Objects.users_collection)):\n            return [Objects.users_collection[i_C831D].name, Objects.users_collection[i_C831D]]\n",
    "import": "\n",
    "imperative": "\n",
    "register": "\n",
    "unregister": "\n",
    "variables": [],
    "properties": [],
    "variable_defs": {},
    "properties_defs": {}
}