{
    "version": 3,
    "name": "If Node Bl_Idname is",
    "func_name": "sna_if_node_bl_idname_is_0F73E",
    "inputs": [
        {
            "idname": "SN_StringSocket",
            "name": "Input",
            "subtype": "NONE"
        }
    ],
    "outputs": [
        {
            "idname": "SN_BooleanSocket",
            "name": "Output",
            "subtype": "NONE"
        }
    ],
    "function": "def sna_if_node_bl_idname_is_0F73E(Input):\n    return (bpy.context.active_node.bl_idname == Input)",
    "import": "",
    "imperative": "",
    "register": "",
    "unregister": "",
    "variables": [],
    "properties": [],
    "variable_defs": {},
    "properties_defs": {}
}