{
    "version": 3,
    "name": "Installed Snippets",
    "func_name": "sna_installed_snippets_CB8AA",
    "inputs": [
        {
            "idname": "SN_ExecuteSocket",
            "name": "Execute",
            "subtype": "NONE"
        }
    ],
    "outputs": [
        {
            "idname": "SN_ExecuteSocket",
            "name": "Execute",
            "subtype": "NONE"
        }
    ],
    "function": "def sna_installed_snippets_CB8AA():\n    nodetree_SNIPPET_VARS['sna_install_snippets'] = []\n    nodetree_SNIPPET_VARS['sna_store_installed_snippets_text'] = []\n    nodetree_SNIPPET_VARS['sna_break_at_line'] = 0\n    text_9F40D = \"\"\n    lines_9F40D = []\n    if os.path.exists(bpy.path.abspath(sna_blender_appdata_path_22557_7E993()[2] + '\\\\blender_visual_scripting_addon\\\\extensions\\\\installed.json')):\n        with open(bpy.path.abspath(sna_blender_appdata_path_22557_7E993()[2] + '\\\\blender_visual_scripting_addon\\\\extensions\\\\installed.json'), \"r\") as file_9F40D:\n            lines_9F40D = list(map(lambda l: l.strip(), file_9F40D.readlines()))\n            text_9F40D = \"\\n\".join(lines_9F40D)\n    for i_AF48B in range(len(lines_9F40D)):\n        nodetree_SNIPPET_VARS['sna_store_installed_snippets_text'].append(lines_9F40D[i_AF48B])\n    for i_F806D in range(len(nodetree_SNIPPET_VARS['sna_store_installed_snippets_text'])):\n        if '\"snippets\"' in nodetree_SNIPPET_VARS['sna_store_installed_snippets_text'][i_F806D]:\n            nodetree_SNIPPET_VARS['sna_break_at_line'] = i_F806D\n            \n    nodetree_SNIPPET_VARS['sna_store_installed_snippets_text'].pop(int(len(nodetree_SNIPPET_VARS['sna_store_installed_snippets_text']) - 1.0))\n    nodetree_SNIPPET_VARS['sna_store_installed_snippets_text'].pop(int(len(nodetree_SNIPPET_VARS['sna_store_installed_snippets_text']) - 1.0))\n    for i_6F3A5 in range(len(nodetree_SNIPPET_VARS['sna_store_installed_snippets_text'])):\n        if (i_6F3A5 > nodetree_SNIPPET_VARS['sna_break_at_line']):\n            nodetree_SNIPPET_VARS['sna_install_snippets'].append(nodetree_SNIPPET_VARS['sna_store_installed_snippets_text'][i_6F3A5].replace('\"', '').replace('.json', '').replace(',', ''))\n            \n    return nodetree_SNIPPET_VARS['sna_install_snippets']",
    "import": "import os\nimport os",
    "imperative": "def sna_blender_appdata_path_22557_7E993():\n    blenderappdata_path = None\n    user_path = bpy.utils.resource_path('USER')\n    blenderappdata_path = user_path\n    return [blenderappdata_path, blenderappdata_path + '\\\\config', blenderappdata_path + '\\\\scripts\\\\addons']",
    "register": "",
    "unregister": "",
    "variables": [
        {
            "name": "Install Snippets",
            "python_name": "sna_install_snippets",
            "tree": "nodetree",
            "type": "List",
            "customizable": false
        },
        {
            "name": "Store Installed Snippets Text",
            "python_name": "sna_store_installed_snippets_text",
            "tree": "nodetree",
            "type": "List",
            "customizable": false
        },
        {
            "name": "Break at Line",
            "python_name": "sna_break_at_line",
            "tree": "nodetree",
            "type": "Integer",
            "customizable": false
        }
    ],
    "properties": [],
    "variable_defs": {
        "nodetree_SNIPPET_VARS": {
            "sna_install_snippets": "[]",
            "sna_store_installed_snippets_text": "[]",
            "sna_break_at_line": "0"
        }
    },
    "properties_defs": {}
}