{
    "version": 3,
    "name": "List Length Check",
    "func_name": "sna_list_length_check_176E9",
    "inputs": [
        {
            "idname": "SN_ListSocket",
            "name": "List",
            "subtype": "NONE"
        },
        {
            "idname": "SN_EnumSocket",
            "name": "Length_001",
            "subtype": "CUSTOM_ITEMS",
            "enum_items": "['Equal to', 'Not Equal to', 'Less Than', 'Greater Than', 'Less Than or Equal to', 'Greater Than or Equal to']"
        },
        {
            "idname": "SN_IntegerSocket",
            "name": "Length",
            "subtype": "NONE"
        }
    ],
    "outputs": [
        {
            "idname": "SN_BooleanSocket",
            "name": "Boolean",
            "subtype": "NONE"
        }
    ],
    "function": "def sna_list_length_check_176E9(List, Length_001, Length):\n    return sna_snippet_compare_D46F3_F517B(Length_001, len(List), Length)",
    "import": "",
    "imperative": "def sna_snippet_compare_D46F3_F517B(Input, Data_A, Data_B):\n    if Input == \"Equal to\":\n        return (Data_A == Data_B)\n    elif Input == \"Not Equal to\":\n        return (Data_A != Data_B)\n    elif Input == \"Less Than\":\n        return (Data_A < Data_B)\n    elif Input == \"Greater Than\":\n        return (Data_A > Data_B)\n    elif Input == \"Less Than or Equal to\":\n        return (Data_A <= Data_B)\n    elif Input == \"Greater Than or Equal to\":\n        return (Data_A >= Data_B)\n    else:\n        pass\ndef sna_snippet_compare_D46F3_F517B(Input, Data_A, Data_B):\n    if Input == \"Equal to\":\n        return (Data_A == Data_B)\n    elif Input == \"Not Equal to\":\n        return (Data_A != Data_B)\n    elif Input == \"Less Than\":\n        return (Data_A < Data_B)\n    elif Input == \"Greater Than\":\n        return (Data_A > Data_B)\n    elif Input == \"Less Than or Equal to\":\n        return (Data_A <= Data_B)\n    elif Input == \"Greater Than or Equal to\":\n        return (Data_A >= Data_B)\n    else:\n        pass",
    "register": "",
    "unregister": "",
    "variables": [],
    "properties": [],
    "variable_defs": {},
    "properties_defs": {}
}