{
    "version": 3,
    "name": "List Data by Type",
    "func_name": "sna_list_data_by_type_7BE80",
    "inputs": [
        {
            "idname": "SN_ExecuteSocket",
            "name": "Execute",
            "subtype": "NONE"
        },
        {
            "idname": "SN_EnumSocket",
            "name": "Type",
            "subtype": "CUSTOM_ITEMS",
            "enum_items": "['Mesh', 'Curve', 'Surface', 'Metaball', 'Text', 'Hair', 'Point Cloud', 'Volume', 'Grease Pencil', 'Armature', 'Lattice', 'Empty', 'Light', 'Light Probe', 'Camera', 'Speaker', 'Image', 'Material', 'Collection']"
        }
    ],
    "outputs": [
        {
            "idname": "SN_ExecuteSocket",
            "name": "Execute",
            "subtype": "NONE"
        }
    ],
    "function": "def sna_list_data_by_type_7BE80(Type):\n    if Type == \"Image\":\n        nodetree_SNIPPET_VARS['sna_varlist'] = []\n        for i_041D3 in range(len(bpy.data.images)):\n            if 'Result' in bpy.data.images[i_041D3].name:\n                pass\n            else:\n                nodetree_SNIPPET_VARS['sna_varlist'].append([bpy.data.images[i_041D3].name, bpy.data.images[i_041D3].name, '', 0])\n    elif Type == \"Material\":\n        nodetree_SNIPPET_VARS['sna_varlist'] = []\n        for i_9FD68 in range(len(bpy.data.materials)):\n            if 'Dots Stroke' in bpy.data.materials[i_9FD68].name:\n                pass\n            else:\n                nodetree_SNIPPET_VARS['sna_varlist'].append([bpy.data.materials[i_9FD68].name, bpy.data.materials[i_9FD68].name, '', 0])\n    elif Type == \"Collection\":\n        nodetree_SNIPPET_VARS['sna_varlist'] = []\n        for i_6AA6A in range(len(bpy.data.collections)):\n            nodetree_SNIPPET_VARS['sna_varlist'].append([bpy.data.collections[i_6AA6A].name, bpy.data.collections[i_6AA6A].name, '', 0])\n    else:\n        nodetree_SNIPPET_VARS['sna_varlist'] = []\n        for i_8CC7C in range(len(bpy.data.objects)):\n            if sna_snippet_obj_type_2B522_4C1E2(bpy.data.objects[i_8CC7C], Type):\n                nodetree_SNIPPET_VARS['sna_varlist'].append([bpy.data.objects[i_8CC7C].name, bpy.data.objects[i_8CC7C].name, '', 0])\n                \n    return nodetree_SNIPPET_VARS['sna_varlist']",
    "import": "",
    "imperative": "def sna_snippet_obj_type_2B522_4C1E2(Object, Type):\n    if Type == \"Mesh\":\n        return Object.type == 'MESH'\n    elif Type == \"Curve\":\n        return Object.type == 'CURVE'\n    elif Type == \"Surface\":\n        return Object.type == 'SURFACE'\n    elif Type == \"Metaball\":\n        return Object.type == 'META'\n    elif Type == \"Text\":\n        return Object.type == 'FONT'\n    elif Type == \"Hair\":\n        return Object.type == 'HAIR'\n    elif Type == \"Point Cloud\":\n        return Object.type == 'POINTCLOUD'\n    elif Type == \"Grease Pencil\":\n        return Object.type == 'GPENCIL'\n    elif Type == \"Armature\":\n        return Object.type == 'ARMATURE'\n    elif Type == \"Lattice\":\n        return Object.type == 'LATTICE'\n    elif Type == \"Empty\":\n        return Object.type == 'EMPTY'\n    elif Type == \"Light\":\n        return Object.type == 'LIGHT'\n    elif Type == \"Light Probe\":\n        return Object.type == 'LIGHT_PROBE'\n    elif Type == \"Camera\":\n        return Object.type == 'CAMERA'\n    elif Type == \"Speaker\":\n        return Object.type == 'SPEAKER'\n    else:\n        pass",
    "register": "",
    "unregister": "",
    "variables": [
        {
            "name": "VarList",
            "python_name": "sna_varlist",
            "tree": "nodetree",
            "type": "List",
            "customizable": true
        }
    ],
    "properties": [],
    "variable_defs": {
        "nodetree_SNIPPET_VARS": {
            "sna_varlist": "[]"
        }
    },
    "properties_defs": {}
}