{
    "version": 3,
    "name": "Map Range",
    "func_name": "sna_map_range_1D98A",
    "inputs": [
        {
            "idname": "SN_FloatSocket",
            "name": "Value",
            "subtype": "NONE"
        },
        {
            "idname": "SN_FloatSocket",
            "name": "Old_Min",
            "subtype": "NONE"
        },
        {
            "idname": "SN_FloatSocket",
            "name": "Old_Max",
            "subtype": "NONE"
        },
        {
            "idname": "SN_FloatSocket",
            "name": "New_Min",
            "subtype": "NONE"
        },
        {
            "idname": "SN_FloatSocket",
            "name": "New_Max",
            "subtype": "NONE"
        }
    ],
    "outputs": [
        {
            "idname": "SN_FloatSocket",
            "name": "Output",
            "subtype": "NONE"
        }
    ],
    "function": "def sna_map_range_1D98A(Value, Old_Min, Old_Max, New_Min, New_Max):\n    value = Value\n    or_min = Old_Min\n    or_max = Old_Max\n    tar_min = New_Min\n    tar_max = New_Max\n    mapped_value = None\n    # Set the original range and the target range\n    original_range = (or_min, or_max)\n    target_range = (tar_min, tar_max)\n    # Map the value to the target range\n    mapped_value = (value - original_range[0]) * (target_range[1] - target_range[0]) / (original_range[1] - original_range[0]) + target_range[0]\n    print(mapped_value)  # Outputs: 75\n    return mapped_value",
    "import": "import bpy",
    "imperative": "",
    "register": "",
    "unregister": "",
    "variables": [],
    "properties": [],
    "variable_defs": {},
    "properties_defs": {}
}