{
    "version": 3,
    "name": "Min Max",
    "func_name": "sna_min_max_760D1",
    "inputs": [
        {
            "idname": "SN_DataSocket",
            "name": "Input",
            "subtype": "NONE"
        }
    ],
    "outputs": [
        {
            "idname": "SN_DataSocket",
            "name": "Min",
            "subtype": "NONE"
        },
        {
            "idname": "SN_DataSocket",
            "name": "Max",
            "subtype": "NONE"
        }
    ],
    "function": "def sna_min_max_760D1(Input):\n    input = Input\n    out_min = None\n    out_max = None\n    out_min = min(input)\n    out_max = max(input)\n    return [out_min, out_max]",
    "import": "import math",
    "imperative": "",
    "register": "",
    "unregister": "",
    "variables": [],
    "properties": [],
    "variable_defs": {},
    "properties_defs": {}
}