{
    "version": 3,
    "name": "Object Details Properties",
    "func_name": "sna_object_details_properties_7A83A",
    "inputs": [
        {
            "idname": "SN_PropertySocket",
            "name": "Object",
            "subtype": "NONE"
        }
    ],
    "outputs": [
        {
            "idname": "SN_StringSocket",
            "name": "Name",
            "subtype": "NONE"
        },
        {
            "idname": "SN_StringSocket",
            "name": "Type",
            "subtype": "NONE"
        },
        {
            "idname": "SN_CollectionPropertySocket",
            "name": "Modifiers",
            "subtype": "NONE"
        },
        {
            "idname": "SN_PropertySocket",
            "name": "Active_Material",
            "subtype": "NONE"
        },
        {
            "idname": "SN_CollectionPropertySocket",
            "name": "Material_Slots",
            "subtype": "NONE"
        },
        {
            "idname": "SN_CollectionPropertySocket",
            "name": "Vertex_Groups",
            "subtype": "NONE"
        },
        {
            "idname": "SN_PropertySocket",
            "name": "Parent",
            "subtype": "NONE"
        },
        {
            "idname": "SN_ListSocket",
            "name": "Children",
            "subtype": "NONE"
        },
        {
            "idname": "SN_BooleanSocket",
            "name": "Hidden",
            "subtype": "NONE"
        },
        {
            "idname": "SN_BooleanSocket",
            "name": "Selected",
            "subtype": "NONE"
        },
        {
            "idname": "SN_FloatVectorSocket",
            "name": "Delta_Location",
            "subtype": "NONE"
        },
        {
            "idname": "SN_FloatVectorSocket",
            "name": "Delta_Rotation_Euler",
            "subtype": "NONE"
        },
        {
            "idname": "SN_FloatVectorSocket",
            "name": "Delta_Scale",
            "subtype": "NONE"
        },
        {
            "idname": "SN_FloatVectorSocket",
            "name": "Dimensions",
            "subtype": "NONE"
        },
        {
            "idname": "SN_FloatVectorSocket",
            "name": "Location",
            "subtype": "NONE"
        },
        {
            "idname": "SN_FloatVectorSocket",
            "name": "Scale",
            "subtype": "NONE"
        },
        {
            "idname": "SN_FloatVectorSocket",
            "name": "Rotation",
            "subtype": "NONE"
        }
    ],
    "function": "def sna_object_details_properties_7A83A(Object):\n    return [Object.name, Object.type, Object.modifiers, Object.active_material, Object.material_slots, Object.vertex_groups, Object.parent, Object.children_recursive, Object.hide_get(), Object.select_get(), Object.delta_location, Object.delta_rotation_euler, Object.delta_scale, Object.dimensions, Object.location, Object.scale, Object.rotation_euler]",
    "import": "",
    "imperative": "",
    "register": "",
    "unregister": "",
    "variables": [],
    "properties": [],
    "variable_defs": {},
    "properties_defs": {}
}