{
    "version": 3,
    "name": "Popup Message",
    "func_name": "sna_popup_message_45189",
    "inputs": [
        {
            "idname": "SN_ExecuteSocket",
            "name": "Execute",
            "subtype": "NONE"
        },
        {
            "idname": "SN_StringSocket",
            "name": "Title",
            "subtype": "NONE"
        },
        {
            "idname": "SN_StringSocket",
            "name": "Body",
            "subtype": "NONE"
        },
        {
            "idname": "SN_StringSocket",
            "name": "Named_Icon",
            "subtype": "NONE"
        }
    ],
    "outputs": [
        {
            "idname": "SN_ExecuteSocket",
            "name": "Execute",
            "subtype": "NONE"
        }
    ],
    "function": "def sna_popup_message_45189(Title, Body, Named_Icon):\n    txt = Title\n    bdy = Body\n    ico = Named_Icon\n    # Create a new dialogue box\n    def popup_callback(self, context):\n        self.layout.label(text=bdy)\n    bpy.context.window_manager.popup_menu(\n        title=txt,\n        icon=ico,\n        draw_func=popup_callback,\n    )\n    return",
    "import": "import bpy",
    "imperative": "",
    "register": "",
    "unregister": "",
    "variables": [],
    "properties": [],
    "variable_defs": {},
    "properties_defs": {}
}