{
    "version": 3,
    "name": "Purge",
    "func_name": "sna_purge_AF615",
    "inputs": [
        {
            "idname": "SN_ExecuteSocket",
            "name": "Execute",
            "subtype": "NONE"
        }
    ],
    "outputs": [
        {
            "idname": "SN_ExecuteSocket",
            "name": "Execute",
            "subtype": "NONE"
        }
    ],
    "function": "def sna_purge_AF615():\n    bpy.ops.outliner.orphans_purge(do_local_ids=True, do_linked_ids=True, do_recursive=True)\n    for i_5A0BE in range(len(bpy.data.materials)-1,-1,-1):\n        if (bpy.data.materials[i_5A0BE].name == 'Dots Stroke'):\n            bpy.data.materials.remove(material=bpy.data.materials[i_5A0BE], do_unlink=True, do_id_user=True, do_ui_user=True, )\n            ",
    "import": "",
    "imperative": "",
    "register": "",
    "unregister": "",
    "variables": [],
    "properties": [],
    "variable_defs": {},
    "properties_defs": {}
}