{
    "version": 3,
    "name": "Random ID",
    "func_name": "sna_random_id_C0AAF",
    "inputs": [
        {
            "idname": "SN_ExecuteSocket",
            "name": "Execute",
            "subtype": "NONE"
        },
        {
            "idname": "SN_IntegerSocket",
            "name": "Length",
            "subtype": "NONE"
        }
    ],
    "outputs": [
        {
            "idname": "SN_ExecuteSocket",
            "name": "Execute",
            "subtype": "NONE"
        },
        {
            "idname": "SN_StringSocket",
            "name": "Output",
            "subtype": "NONE"
        }
    ],
    "function": "def sna_random_id_C0AAF(Length):\n    length = Length\n    text = None\n    \"\"\" Generates a random alphanumeric id string.\n    \"\"\"\n    tlength = int(length / 2)\n    rlength = int(length / 2) + int(length % 2)\n    chars = ['0', '1', '2', '3', '4', '5', '6', '7', '8', '9', '0', 'a', 'b', 'c', 'd', 'e', 'f', 'g', 'h', 'i', 'j', 'k', 'l', 'm', 'n', 'o', 'p', 'q', 'r', 's', 't', 'u', 'v', 'w', 'x', 'y', 'z']\n    text = \"\"\n    for i in range(0, rlength):\n        text += random.choice(chars)\n    text += str(hex(int(time.time())))[2:][-tlength:].rjust(tlength, '0')[::-1]\n    return text",
    "import": "import bpy,random,time",
    "imperative": "",
    "register": "",
    "unregister": "",
    "variables": [],
    "properties": [],
    "variable_defs": {},
    "properties_defs": {}
}