{
    "version": 3,
    "name": "Rename File",
    "func_name": "sna_rename_file_6A02E",
    "inputs": [
        {
            "idname": "SN_ExecuteSocket",
            "name": "Execute",
            "subtype": "NONE"
        },
        {
            "idname": "SN_StringSocket",
            "name": "File_Path",
            "subtype": "NONE"
        },
        {
            "idname": "SN_StringSocket",
            "name": "New_Name",
            "subtype": "NONE"
        }
    ],
    "outputs": [
        {
            "idname": "SN_ExecuteSocket",
            "name": "Execute",
            "subtype": "NONE"
        }
    ],
    "function": "def sna_rename_file_6A02E(File_Path, New_Name):\n    old_file_path = File_Path\n    new_file_name = New_Name\n    import os\n\n\n    # Set the file path of the file you want to rename\n    old_file_path = \"/path/to/old/file.txt\"\n    # Set the new file name\n    new_file_name = \"new_file.txt\"\n    # Check if the file exists\n    if os.path.exists(old_file_path):\n        # Get the directory path of the file\n        dir_path = os.path.dirname(old_file_path)\n        # Construct the new file path\n        new_file_path = os.path.join(dir_path, new_file_name)\n        # Rename the file\n        os.rename(old_file_path, new_file_path)\n        print(\"File renamed successfully\")\n    else:\n        print(\"File does not exist\")\n",
    "import": "import bpy\n",
    "imperative": "\n",
    "register": "\n",
    "unregister": "\n",
    "variables": [],
    "properties": [],
    "variable_defs": {},
    "properties_defs": {}
}