{
    "version": 3,
    "name": "Select and Set Active Node (Active Area)",
    "func_name": "sna_select_and_set_active_node_active_area_18D01",
    "inputs": [
        {
            "idname": "SN_ExecuteSocket",
            "name": "Execute",
            "subtype": "NONE"
        },
        {
            "idname": "SN_EnumSocket",
            "name": "Set_with",
            "subtype": "CUSTOM_ITEMS",
            "enum_items": "['Property Socket', 'Name Socket']"
        },
        {
            "idname": "SN_DataSocket",
            "name": " ",
            "subtype": "NONE"

        },
        {
            "idname": "SN_PropertySocket",
            "name": "Node",
            "subtype": "NONE"
        },
        {
            "idname": "SN_StringSocket",
            "name": "Name",
            "subtype": "NONE"
        }
    ],
    "outputs": [
        {
            "idname": "SN_ExecuteSocket",
            "name": "Execute",
            "subtype": "NONE"
        }
    ],
    "function": "def sna_select_and_set_active_node_active_area_18D01(Set_with, asdasd, Node, Name):\n    bpy.ops.node.select_all('INVOKE_DEFAULT', action='DESELECT')\n    if Set_with == \"Property Socket\":\n        bpy.context.area.spaces[0].node_tree.nodes.active = Node\n        Node.select = True\n    elif Set_with == \"Name Socket\":\n        bpy.context.area.spaces[0].node_tree.nodes.active = bpy.context.area.spaces[0].node_tree.nodes[Name]\n        bpy.context.area.spaces[0].node_tree.nodes[Name].select = True\n    else:\n        pass",
    "import": "",
    "imperative": "",
    "register": "",
    "unregister": "",
    "variables": [],
    "properties": [],
    "variable_defs": {},
    "properties_defs": {}
}