{
    "version": 3,
    "name": "Select and Set Active Node (Material)",
    "func_name": "sna_select_and_set_active_node_material_CDC4C",
    "inputs": [
        {
            "idname": "SN_ExecuteSocket",
            "name": "Execute",
            "subtype": "NONE"
        },
        {
            "idname": "SN_EnumSocket",
            "name": "Set_with",
            "subtype": "CUSTOM_ITEMS",
            "enum_items": "['Property Socket', 'Name Socket']"
        },
        {
            "idname": "SN_DataSocket",
            "name": " ",
            "subtype": "NONE"
        },
        {
            "idname": "SN_PropertySocket",
            "name": "Node",
            "subtype": "NONE"
        },
        {
            "idname": "SN_PropertySocket",
            "name": "Material",
            "subtype": "NONE"
        },
        {
            "idname": "SN_StringSocket",
            "name": "Node_",
            "subtype": "NONE"
        },
        {
            "idname": "SN_StringSocket",
            "name": "Material_",
            "subtype": "NONE"
        }
    ],
    "outputs": [
        {
            "idname": "SN_ExecuteSocket",
            "name": "Execute",
            "subtype": "NONE"
        }
    ],
    "function": "def sna_select_and_set_active_node_material_CDC4C(Set_with, asdasd, Node, Material, Node_, Material_):\n    if Set_with == \"Property Socket\":\n        for i_8823A in range(len(Material.node_tree.nodes)):\n            Material.node_tree.nodes[i_8823A].select = False\n        Material.node_tree.nodes.active = Node\n        Node.select = True\n        return\n    elif Set_with == \"Name Socket\":\n        for i_5715B in range(len(bpy.data.materials[Material_].node_tree.nodes)):\n            bpy.data.materials[Material_].node_tree.nodes[i_5715B].select = False\n        bpy.data.materials[Material_].node_tree.nodes.active = bpy.data.materials[Material_].node_tree.nodes[Node_]\n        bpy.data.materials[Material_].node_tree.nodes[Node_].select = True\n    else:\n        pass",
    "import": "",
    "imperative": "",
    "register": "",
    "unregister": "",
    "variables": [],
    "properties": [],
    "variable_defs": {},
    "properties_defs": {}
}