{
    "version": 3,
    "name": "Select & Set Active (Object)",
    "func_name": "sna_select__set_active_object_07AE7",
    "inputs": [
        {
            "idname": "SN_ExecuteSocket",
            "name": "Execute",
            "subtype": "NONE"
        },
        {
            "idname": "SN_PropertySocket",
            "name": "Object",
            "subtype": "NONE"
        }
    ],
    "outputs": [
        {
            "idname": "SN_ExecuteSocket",
            "name": "Execute",
            "subtype": "NONE"
        }
    ],
    "function": "def sna_select__set_active_object_07AE7(Object):\n    bpy.ops.object.select_all('INVOKE_DEFAULT', action='DESELECT')\n    bpy.context.view_layer.objects.active = Object\n    Object.select_set(state=True, )\n    return",
    "import": "",
    "imperative": "",
    "register": "",
    "unregister": "",
    "variables": [],
    "properties": [],
    "variable_defs": {},
    "properties_defs": {}
}