{
    "version": 3,
    "name": "Selected Nodes Length",
    "func_name": "sna_selected_nodes_length_B0DF2",
    "inputs": [
        {
            "idname": "SN_EnumSocket",
            "name": "Compare",
            "subtype": "CUSTOM_ITEMS",
            "enum_items": "['Equal To', 'Not Equal To', 'Less Than', 'Greater Than', 'Less Than Equal To', 'Greater Than Equal To']"
        },
        {
            "idname": "SN_IntegerSocket",
            "name": "Amount",
            "subtype": "NONE"
        }
    ],
    "outputs": [
        {
            "idname": "SN_BooleanSocket",
            "name": "Output",
            "subtype": "NONE"
        }
    ],
    "function": "def sna_selected_nodes_length_B0DF2(Compare, Amount):\n    if sna_compare__6F0DF_649B4(Compare, len(bpy.context.selected_nodes), Amount):\n        return sna_compare__6F0DF_649B4(Compare, len(bpy.context.selected_nodes), Amount)\n    else:\n        return sna_compare__6F0DF_649B4(Compare, len(bpy.context.selected_nodes), Amount)",
    "import": "",
    "imperative": "def sna_compare__6F0DF_649B4(Compare, First_Value, Second_Value):\n    if Compare == \"Equal To\":\n        return (First_Value == Second_Value)\n    elif Compare == \"Not Equal To\":\n        return (First_Value != Second_Value)\n    elif Compare == \"Less Than\":\n        return (First_Value < Second_Value)\n    elif Compare == \"Greater Than\":\n        return (First_Value > Second_Value)\n    elif Compare == \"Less Than Equal To\":\n        return (First_Value <= Second_Value)\n    elif Compare == \"Greater Than Equal To\":\n        return (First_Value >= Second_Value)\n    else:\n        pass",
    "register": "",
    "unregister": "",
    "variables": [],
    "properties": [],
    "variable_defs": {},
    "properties_defs": {}
}