{
    "version": 3,
    "name": "Snippet Obj Type",
    "func_name": "sna_snippet_obj_type_2B522",
    "inputs": [
        {
            "idname": "SN_PropertySocket",
            "name": "Object",
            "subtype": "NONE"
        },
        {
            "idname": "SN_EnumSocket",
            "name": "Type",
            "subtype": "CUSTOM_ITEMS",
            "enum_items": "['Mesh', 'Curve', 'Surface', 'Metaball', 'Text', 'Hair', 'Point Cloud', 'Volume', 'Grease Pencil', 'Armature', 'Lattice', 'Empty', 'Light', 'Light Probe', 'Camera', 'Speaker']"
        }
    ],
    "outputs": [
        {
            "idname": "SN_BooleanSocket",
            "name": "Output",
            "subtype": "NONE"
        }
    ],
    "function": "def sna_snippet_obj_type_2B522(Object, Type):\n    if Type == \"Mesh\":\n        return Object.type == 'MESH'\n    elif Type == \"Curve\":\n        return Object.type == 'CURVE'\n    elif Type == \"Surface\":\n        return Object.type == 'SURFACE'\n    elif Type == \"Metaball\":\n        return Object.type == 'META'\n    elif Type == \"Text\":\n        return Object.type == 'FONT'\n    elif Type == \"Hair\":\n        return Object.type == 'HAIR'\n    elif Type == \"Point Cloud\":\n        return Object.type == 'POINTCLOUD'\n    elif Type == \"Grease Pencil\":\n        return Object.type == 'GPENCIL'\n    elif Type == \"Armature\":\n        return Object.type == 'ARMATURE'\n    elif Type == \"Lattice\":\n        return Object.type == 'LATTICE'\n    elif Type == \"Empty\":\n        return Object.type == 'EMPTY'\n    elif Type == \"Light\":\n        return Object.type == 'LIGHT'\n    elif Type == \"Light Probe\":\n        return Object.type == 'LIGHT_PROBE'\n    elif Type == \"Camera\":\n        return Object.type == 'CAMERA'\n    elif Type == \"Speaker\":\n        return Object.type == 'SPEAKER'\n    else:\n        pass",
    "import": "",
    "imperative": "",
    "register": "",
    "unregister": "",
    "variables": [],
    "properties": [],
    "variable_defs": {},
    "properties_defs": {}
}