{
    "version": 3,
    "name": "SNIPPET - Math",
    "func_name": "sna_snippet__math_6B6BB",
    "inputs": [
        {
            "idname": "SN_EnumSocket",
            "name": "Math",
            "subtype": "CUSTOM_ITEMS",
            "enum_items": "['Add', 'Subtract', 'Multiply', 'Divide']"
        },
        {
            "idname": "SN_FloatSocket",
            "name": "A",
            "subtype": "NONE"
        },
        {
            "idname": "SN_FloatSocket",
            "name": "B",
            "subtype": "NONE"
        }
    ],
    "outputs": [
        {
            "idname": "SN_FloatSocket",
            "name": "Output",
            "subtype": "NONE"
        }
    ],
    "function": "def sna_snippet__math_6B6BB(Math, A, B):\n    if Math == \"Add\":\n        return A + B\n    elif Math == \"Subtract\":\n        return A - B\n    elif Math == \"Multiply\":\n        return A * B\n    elif Math == \"Divide\":\n        return A / B\n    else:\n        pass",
    "import": "",
    "imperative": "",
    "register": "",
    "unregister": "",
    "variables": [],
    "properties": [],
    "variable_defs": {},
    "properties_defs": {}
}