{
    "version": 3,
    "name": "Snippet Compare",
    "func_name": "sna_snippet_compare_D46F3",
    "inputs": [
        {
            "idname": "SN_EnumSocket",
            "name": "Input",
            "subtype": "CUSTOM_ITEMS",
            "enum_items": "['Equal to', 'Not Equal to', 'Less Than', 'Greater Than', 'Less Than or Equal to', 'Greater Than or Equal to']"
        },
        {
            "idname": "SN_DataSocket",
            "name": "Data_A",
            "subtype": "NONE"
        },
        {
            "idname": "SN_DataSocket",
            "name": "Data_B",
            "subtype": "NONE"
        }
    ],
    "outputs": [
        {
            "idname": "SN_BooleanSocket",
            "name": "Boolean",
            "subtype": "NONE"
        }
    ],
    "function": "def sna_snippet_compare_D46F3(Input, Data_A, Data_B):\n    if Input == \"Equal to\":\n        return (Data_A == Data_B)\n    elif Input == \"Not Equal to\":\n        return (Data_A != Data_B)\n    elif Input == \"Less Than\":\n        return (Data_A < Data_B)\n    elif Input == \"Greater Than\":\n        return (Data_A > Data_B)\n    elif Input == \"Less Than or Equal to\":\n        return (Data_A <= Data_B)\n    elif Input == \"Greater Than or Equal to\":\n        return (Data_A >= Data_B)\n    else:\n        pass",
    "import": "",
    "imperative": "",
    "register": "",
    "unregister": "",
    "variables": [],
    "properties": [],
    "variable_defs": {},
    "properties_defs": {}
}