{
    "version": 3,
    "name": "Substring - Case Insensitive",
    "func_name": "sna_substring__case_insensitive_2E7ED",
    "inputs": [
        {
            "idname": "SN_StringSocket",
            "name": "String",
            "subtype": "NONE"
        },
        {
            "idname": "SN_StringSocket",
            "name": "Substring",
            "subtype": "NONE"
        }
    ],
    "outputs": [
        {
            "idname": "SN_BooleanSocket",
            "name": "Output",
            "subtype": "NONE"
        }
    ],
    "function": "def sna_substring__case_insensitive_2E7ED(String, Substring):\n    text = String\n    text_out = None\n    text_out = text.lower()\n    return (Substring in text_out or Substring in String)",
    "import": "",
    "imperative": "",
    "register": "",
    "unregister": "",
    "variables": [],
    "properties": [],
    "variable_defs": {},
    "properties_defs": {}
}