{
    "version": 3,
    "name": "Timer Operator",
    "func_name": "sna_timer_operator_FC21D",
    "inputs": [
        {
            "idname": "SN_ExecuteSocket",
            "name": "Execute",
            "subtype": "NONE"
        },
        {
            "idname": "SN_BooleanSocket",
            "name": "Get_Operator_ID",
            "subtype": "NONE"
        },
        {
            "idname": "SN_StringSocket",
            "name": "Operator_Name",
            "subtype": "NONE"
        },
        {
            "idname": "SN_StringSocket",
            "name": "NodeTree",
            "subtype": "NONE"
        },
        {
            "idname": "SN_DataSocket",
            "name": "",
            "subtype": "NONE"
        },
        {
            "idname": "SN_BooleanSocket",
            "name": "Execute_Operator",
            "subtype": "NONE"
        },
        {
            "idname": "SN_StringSocket",
            "name": "Operator_ID",
            "subtype": "NONE"
        },
        {
            "idname": "SN_FloatSocket",
            "name": "Duration",
            "subtype": "NONE"
        }
    ],
    "outputs": [
        {
            "idname": "SN_ExecuteSocket",
            "name": "Execute",
            "subtype": "NONE"
        },
        {
            "idname": "SN_StringSocket",
            "name": "Operator_ID",
            "subtype": "NONE"
        }
    ],
    "function": "def sna_timer_operator_FC21D(Get_Operator_ID, Operator_Name, NodeTree, Input, Execute_Operator, Operator_ID, Duration):\n    if Get_Operator_ID:\n        return bpy.data.node_groups[NodeTree].nodes[Operator_Name].operator_python_name\n    else:\n        if Execute_Operator:\n            name = Operator_ID\n            duration = Duration\n            operator = getattr(bpy.ops.sna, name)\n\n            def crz_timer():\n                operator()\n            bpy.app.timers.register(crz_timer, first_interval=duration)\n",
    "import": "import bpy\nimport bpy\n",
    "imperative": "\n",
    "register": "\n",
    "unregister": "\n",
    "variables": [],
    "properties": [],
    "variable_defs": {},
    "properties_defs": {}
}