{
    "version": 3,
    "name": "Undo History",
    "func_name": "sna_undo_history_68231",
    "inputs": [
        {
            "idname": "SN_ExecuteSocket",
            "name": "Execute",
            "subtype": "NONE"
        },
        {
            "idname": "SN_BooleanSocket",
            "name": "Show_A_Popup_List",
            "subtype": "NONE"
        },
        {
            "idname": "SN_BooleanSocket",
            "name": "Execute_A_History_Item",
            "subtype": "NONE"
        },
        {
            "idname": "SN_IntegerSocket",
            "name": "Execute_Item",
            "subtype": "NONE"
        }
    ],
    "outputs": [
        {
            "idname": "SN_ExecuteSocket",
            "name": "Execute",
            "subtype": "NONE"
        }
    ],
    "function": "def sna_undo_history_68231(Only_Show_List, Execute_History_Item, Execute_Item):\n    if Only_Show_List:\n        bpy.ops.ed.undo_history('INVOKE_DEFAULT', )\n    else:\n        if Execute_History_Item:\n            bpy.ops.ed.undo_history('INVOKE_DEFAULT', item=Execute_Item)\n            ",
    "import": "",
    "imperative": "",
    "register": "",
    "unregister": "",
    "variables": [],
    "properties": [],
    "variable_defs": {},
    "properties_defs": {}
}