{
    "version": 3,
    "name": "VEC 3 - Split ",
    "func_name": "sna_vec_3__split__2925A",
    "inputs": [
        {
            "idname": "SN_FloatVectorSocket",
            "name": "Vec3_in",
            "subtype": "NONE"
        },
        {
            "idname": "SN_EnumSocket",
            "name": "Math_X",
            "subtype": "CUSTOM_ITEMS",
            "enum_items": "['Add', 'Subtract', 'Multiply', 'Divide']"
        },
        {
            "idname": "SN_FloatSocket",
            "name": "X",
            "subtype": "NONE"
        },
        {
            "idname": "SN_EnumSocket",
            "name": "Math_Y",
            "subtype": "CUSTOM_ITEMS",
            "enum_items": "['Add', 'Subtract', 'Multiply', 'Divide']"
        },
        {
            "idname": "SN_FloatSocket",
            "name": "Y",
            "subtype": "NONE"
        },
        {
            "idname": "SN_EnumSocket",
            "name": "Math_Z",
            "subtype": "CUSTOM_ITEMS",
            "enum_items": "['Add', 'Subtract', 'Multiply', 'Divide']"
        },
        {
            "idname": "SN_FloatSocket",
            "name": "Z",
            "subtype": "NONE"
        }
    ],
    "outputs": [
        {
            "idname": "SN_FloatVectorSocket",
            "name": "Vec3_out",
            "subtype": "NONE"
        }
    ],
    "function": "def sna_vec_3__split__2925A(Vec3_in, Math_X, X, Math_Y, Y, Math_Z, Z):\n    return (sna_math_snippet_6B6BB_DB0F8(Math_X, Vec3_in[0], X), sna_math_snippet_6B6BB_C2D16(Math_Y, Vec3_in[1], Y), sna_math_snippet_6B6BB_BBEAE(Math_Z, Vec3_in[2], Z))",
    "import": "",
    "imperative": "def sna_math_snippet_6B6BB_DB0F8(Math, A, B):\n    if Math == \"Add\":\n        return A + B\n    elif Math == \"Subtract\":\n        return A - B\n    elif Math == \"Multiply\":\n        return A * B\n    elif Math == \"Divide\":\n        return A / B\n    else:\n        pass\ndef sna_math_snippet_6B6BB_C2D16(Math, A, B):\n    if Math == \"Add\":\n        return A + B\n    elif Math == \"Subtract\":\n        return A - B\n    elif Math == \"Multiply\":\n        return A * B\n    elif Math == \"Divide\":\n        return A / B\n    else:\n        pass\ndef sna_math_snippet_6B6BB_BBEAE(Math, A, B):\n    if Math == \"Add\":\n        return A + B\n    elif Math == \"Subtract\":\n        return A - B\n    elif Math == \"Multiply\":\n        return A * B\n    elif Math == \"Divide\":\n        return A / B\n    else:\n        pass",
    "register": "",
    "unregister": "",
    "variables": [],
    "properties": [],
    "variable_defs": {},
    "properties_defs": {}
}