{
    "version": 3,
    "name": "VEC3 - Location between 2 points",
    "func_name": "sna_vec3__location_between_2_points_2E404",
    "inputs": [
        {
            "idname": "SN_FloatVectorSocket",
            "name": "Point1",
            "subtype": "NONE"
        },
        {
            "idname": "SN_FloatVectorSocket",
            "name": "Point2",
            "subtype": "NONE"
        }
    ],
    "outputs": [
        {
            "idname": "SN_FloatVectorSocket",
            "name": "Location",
            "subtype": "NONE"
        }
    ],
    "function": "def sna_vec3__location_between_2_points_2E404(Point1, Point2):\n    p1 = Point1\n    p2 = Point2\n    position = None\n    # Set the coordinates of the two points\n    point1 = (p1[0], p1[1], p1[2])\n    point2 = (p2[0], p2[1], p2[2])\n    # Calculate the position halfway between the two points\n    position = ((point1[0] + point2[0]) / 2, (point1[1] + point2[1]) / 2, (point1[2] + point2[2]) / 2)\n    print(position)  # Outputs: (2.5, 3.5, 4.5)\n    return position",
    "import": "import bpy",
    "imperative": "",
    "register": "",
    "unregister": "",
    "variables": [],
    "properties": [],
    "variable_defs": {},
    "properties_defs": {}
}