{
    "version": 3,
    "name": "VEC3 - Distance between 2 points",
    "func_name": "sna_vec3__distance_between_2_points_939F7",
    "inputs": [
        {
            "idname": "SN_FloatVectorSocket",
            "name": "Point1",
            "subtype": "NONE"
        },
        {
            "idname": "SN_FloatVectorSocket",
            "name": "Point2",
            "subtype": "NONE"
        }
    ],
    "outputs": [
        {
            "idname": "SN_FloatSocket",
            "name": "Distance",
            "subtype": "NONE"
        }
    ],
    "function": "def sna_vec3__distance_between_2_points_939F7(Point1, Point2):\n    point1 = Point1\n    point2 = Point2\n    distance = None\n    import math\n\n\n    # Set the coordinates of the two points\n    # Calculate the distance between the two points\n    distance = math.sqrt((point2[0] - point1[0])**2 + (point2[1] - point1[1])**2 + (point2[2] - point1[2])**2)\n    return distance\n",
    "import": "import bpy\n",
    "imperative": "\n",
    "register": "\n",
    "unregister": "\n",
    "variables": [],
    "properties": [],
    "variable_defs": {},
    "properties_defs": {}
}