{
    "version": 3,
    "name": "VEC3 - Sort Objects by Location",
    "func_name": "sna_vec3__sort_objects_by_location_E96F2",
    "inputs": [
        {
            "idname": "SN_ExecuteSocket",
            "name": "Execute",
            "subtype": "NONE"
        },
        {
            "idname": "SN_CollectionPropertySocket",
            "name": "Objects",
            "subtype": "NONE"
        },
        {
            "idname": "SN_FloatVectorSocket",
            "name": "Reference_Point",
            "subtype": "NONE"
        }
    ],
    "outputs": [
        {
            "idname": "SN_ExecuteSocket",
            "name": "Execute",
            "subtype": "NONE"
        },
        {
            "idname": "SN_ListSocket",
            "name": "Output",
            "subtype": "NONE"
        }
    ],
    "function": "def sna_vec3__sort_objects_by_location_E96F2(Objects, Reference_Point):\n    objects = Objects\n    reference_point = Reference_Point\n    sorted_objects = None\n    import math\n    # Sort the objects based on their distance from the reference point\n    sorted_objects = sorted(objects, key=lambda obj: math.sqrt((obj.location[0] - reference_point[0])**2 + (obj.location[1] - reference_point[1])**2 + (obj.location[2] - reference_point[2])**2))\n    # Print the names of the sorted objects\n    for obj in sorted_objects:\n        print(obj.name)\n    return sorted_objects",
    "import": "import bpy",
    "imperative": "",
    "register": "",
    "unregister": "",
    "variables": [],
    "properties": [],
    "variable_defs": {},
    "properties_defs": {}
}