{
    "templates": [
        {
            "name": "Function Execute setup",
            "nodes": [
                "SN_TriggerNode",
                "SN_FunctionReturnNode",
                "SN_FunctionNode",
                "SN_RunFunctionNode"
            ],
            "width": [
                200.0,
                200.0,
                200.0,
                240.0
            ],
            "zbpy": [
                "None",
                "None",
                "None",
                "None"
            ],
            "zlocation": [
                [
                    -2049.111328125,
                    -1787.3802490234375
                ],
                [
                    -1676.241455078125,
                    -1927.0570068359375
                ],
                [
                    -1930.5894775390625,
                    -1929.1392822265625
                ],
                [
                    -1791.5220947265625,
                    -1738.9095458984375
                ]
            ]
        },
        {
            "name": "Print Setup",
            "nodes": [
                "SN_TriggerNode",
                "SN_PrintNode"
            ],
            "width": [
                200.0,
                200.0
            ],
            "zbpy": [
                "None",
                "None"
            ],
            "zlocation": [
                [
                    -2098.611572265625,
                    -1473.446533203125
                ],
                [
                    -1780.289306640625,
                    -1392.269287109375
                ]
            ]
        }
    ]
}