{
    "version": 3,
    "name": "Add Database Item",
    "func_name": "sna_add_database_item_E91B2",
    "inputs": [
        {
            "idname": "SN_ExecuteSocket",
            "name": "Execute",
            "subtype": "NONE"
        },
        {
            "idname": "SN_StringSocket",
            "name": "FilePath",
            "subtype": "NONE"
        },
        {
            "idname": "SN_StringSocket",
            "name": "DataBaseName",
            "subtype": "NONE"
        },
        {
            "idname": "SN_ListSocket",
            "name": "ColumnNames",
            "subtype": "NONE"
        },
        {
            "idname": "SN_ListSocket",
            "name": "ColumnData",
            "subtype": "NONE"
        },
        {
            "idname": "SN_StringSocket",
            "name": "TableName",
            "subtype": "NONE"
        }
    ],
    "outputs": [
        {
            "idname": "SN_ExecuteSocket",
            "name": "Execute",
            "subtype": "NONE"
        },
        {
            "idname": "SN_BooleanSocket",
            "name": "AddedEntryDataBase",
            "subtype": "NONE"
        }
    ],
    "function": "def sna_add_database_item_E91B2(FilePath, DataBaseName, ColumnNames, ColumnData, TableName):\n    FilePath = FilePath\n    DatabaseName = DataBaseName\n    ColumnNames = ColumnNames\n    ColumnData = ColumnData\n    TableName = TableName\n    AddedDatabase = None\n    import sqlite3\n    table_name = TableName\n    column_names = ColumnNames\n    values = ColumnData\n    AddedDatabase = False\n    database_file = FilePath+\"\\\\\"+DatabaseName\n    connection = sqlite3.connect(database_file)\n    cursor = connection.cursor()\n    # Get the highest value of the id column\n    query = f\"SELECT IFNULL(MAX(id), 0) FROM {table_name}\"\n    cursor.execute(query)\n    highest_id = cursor.fetchone()[0] ++1\n    values[0] = highest_id\n    insert_sql = f\"INSERT INTO {table_name} ({', '.join(column_names)}) VALUES ({', '.join(['?' for _ in range(len(column_names))])})\"\n    try:\n        cursor.execute(insert_sql, values)\n        AddedDatabase = True\n    except:\n        AddedDatabase = False\n    # Commit the changes\n    connection.commit()\n    # Close the connection\n    connection.close()\n    return AddedDatabase",
    "import": "import bpy",
    "imperative": "",
    "register": "",
    "unregister": "",
    "variables": [],
    "properties": [],
    "variable_defs": {},
    "properties_defs": {}
}