{
    "version": 3,
    "name": "Create Database",
    "func_name": "sna_create_database_7E91D",
    "inputs": [
        {
            "idname": "SN_ExecuteSocket",
            "name": "Execute",
            "subtype": "NONE"
        },
        {
            "idname": "SN_StringSocket",
            "name": "FilePath",
            "subtype": "NONE"
        },
        {
            "idname": "SN_StringSocket",
            "name": "DataBaseName",
            "subtype": "NONE"
        },
        {
            "idname": "SN_ListSocket",
            "name": "ColumnNames",
            "subtype": "NONE"
        },
        {
            "idname": "SN_ListSocket",
            "name": "ColumnType",
            "subtype": "NONE"
        },
        {
            "idname": "SN_StringSocket",
            "name": "TableName",
            "subtype": "NONE"
        }
    ],
    "outputs": [
        {
            "idname": "SN_ExecuteSocket",
            "name": "Execute",
            "subtype": "NONE"
        },
        {
            "idname": "SN_BooleanSocket",
            "name": "CreatedDatabase",
            "subtype": "NONE"
        }
    ],
    "function": "def sna_create_database_7E91D(FilePath, DataBaseName, ColumnNames, ColumnType, TableName):\n    FilePath = FilePath\n    DatabaseName = DataBaseName\n    ColumnNames = ColumnNames\n    ColumnType = ColumnType\n    TableName = TableName\n    CreatedDatabase = None\n    table_name = TableName\n    column_names = ColumnNames\n    column_types = ColumnType\n    CreatedDatabase = False\n    create_table_sql = f\"CREATE TABLE {table_name} ({', '.join([f'{name} {type}' for name, type in zip(column_names, column_types)])})\"\n    database_file = FilePath+\"\\\\\"+DatabaseName\n    connection = sqlite3.connect(database_file)\n    cursor = connection.cursor()\n    try:\n        cursor.execute(create_table_sql)\n        CreatedDatabase = True\n    except:\n        CreatedDatabase = False\n    return CreatedDatabase",
    "import": "import sqlite3",
    "imperative": "",
    "register": "",
    "unregister": "",
    "variables": [],
    "properties": [],
    "variable_defs": {},
    "properties_defs": {}
}