{
    "version": 3,
    "name": "Delete Database Item",
    "func_name": "sna_delete_database_item_21BA5",
    "inputs": [
        {
            "idname": "SN_ExecuteSocket",
            "name": "Execute",
            "subtype": "NONE"
        },
        {
            "idname": "SN_StringSocket",
            "name": "FilePath",
            "subtype": "NONE"
        },
        {
            "idname": "SN_StringSocket",
            "name": "DataBaseName",
            "subtype": "NONE"
        },
        {
            "idname": "SN_ListSocket",
            "name": "ColumnNames",
            "subtype": "NONE"
        },
        {
            "idname": "SN_ListSocket",
            "name": "ColumnConditions",
            "subtype": "NONE"
        },
        {
            "idname": "SN_ListSocket",
            "name": "CheckValues",
            "subtype": "NONE"
        },
        {
            "idname": "SN_StringSocket",
            "name": "TableName",
            "subtype": "NONE"
        }
    ],
    "outputs": [
        {
            "idname": "SN_ExecuteSocket",
            "name": "Execute",
            "subtype": "NONE"
        },
        {
            "idname": "SN_BooleanSocket",
            "name": "EntryInDataBase",
            "subtype": "NONE"
        },
        {
            "idname": "SN_IntegerSocket",
            "name": "DeletedAmount",
            "subtype": "NONE"
        }
    ],
    "function": "def sna_delete_database_item_21BA5(FilePath, DataBaseName, ColumnNames, ColumnConditions, CheckValues, TableName):\n    FilePath = FilePath\n    DatabaseName = DataBaseName\n    ColumnNames = ColumnNames\n    ColumnConditions = ColumnConditions\n    CheckValues = CheckValues\n    TableName = TableName\n    InDatabase = None\n    RowId = None\n    import sqlite3\n    table_name = TableName\n    column_names = ColumnNames\n    values = CheckValues\n    conditions = ColumnConditions\n    InDatabase = False\n    RowId = 0\n    database_file = FilePath+\"\\\\\"+DatabaseName\n    connection = sqlite3.connect(database_file)\n    cursor = connection.cursor()\n    # Generate the SELECT statement using an f-string\n    delete_stmt = f\"DELETE FROM {table_name} WHERE {' AND '.join(conditions)}\"\n    try:\n        cursor.execute(delete_stmt, values)\n        InDatabase = True\n        RowId = cursor.rowcount\n    except:\n        InDatabase = False\n        RowId = 0\n    # Commit the changes\n    connection.commit()\n    # Close the connection\n    connection.close()\n    return [InDatabase, RowId]",
    "import": "import bpy",
    "imperative": "",
    "register": "",
    "unregister": "",
    "variables": [],
    "properties": [],
    "variable_defs": {},
    "properties_defs": {}
}