{
    "version": 3,
    "name": "Get Database Item",
    "func_name": "sna_get_database_item_99A3E",
    "inputs": [
        {
            "idname": "SN_ExecuteSocket",
            "name": "Execute",
            "subtype": "NONE"
        },
        {
            "idname": "SN_StringSocket",
            "name": "FilePath",
            "subtype": "NONE"
        },
        {
            "idname": "SN_StringSocket",
            "name": "DataBaseName",
            "subtype": "NONE"
        },
        {
            "idname": "SN_ListSocket",
            "name": "ColumnNames",
            "subtype": "NONE"
        },
        {
            "idname": "SN_ListSocket",
            "name": "ColumnConditions",
            "subtype": "NONE"
        },
        {
            "idname": "SN_ListSocket",
            "name": "CheckValues",
            "subtype": "NONE"
        },
        {
            "idname": "SN_StringSocket",
            "name": "TableName",
            "subtype": "NONE"
        },
        {
            "idname": "SN_BooleanSocket",
            "name": "ResultsAsStrings",
            "subtype": "NONE"
        }
    ],
    "outputs": [
        {
            "idname": "SN_ExecuteSocket",
            "name": "Execute",
            "subtype": "NONE"
        },
        {
            "idname": "SN_BooleanSocket",
            "name": "EntryInDataBase",
            "subtype": "NONE"
        },
        {
            "idname": "SN_IntegerSocket",
            "name": "ResultAmount",
            "subtype": "NONE"
        },
        {
            "idname": "SN_ListSocket",
            "name": "Results",
            "subtype": "NONE"
        }
    ],
    "function": "def sna_get_database_item_99A3E(FilePath, DataBaseName, ColumnNames, ColumnConditions, CheckValues, TableName, ResultsAsStrings):\n    FilePath = FilePath\n    DatabaseName = DataBaseName\n    ColumnNames = ColumnNames\n    ColumnConditions = ColumnConditions\n    CheckValues = CheckValues\n    TableName = TableName\n    IsStrings = ResultsAsStrings\n    InDatabase = None\n    RowId = None\n    return_list = None\n    import sqlite3\n    table_name = TableName\n    column_names = ColumnNames\n    values = CheckValues\n    conditions = ColumnConditions\n    InDatabase = False\n    RowId = 0\n    return_list =[]\n    database_file = FilePath+\"\\\\\"+DatabaseName\n    connection = sqlite3.connect(database_file)\n    cursor = connection.cursor()\n    # Generate the SELECT statement using an f-string\n    select_stmt = f\"SELECT * FROM {table_name} WHERE {' AND '.join(conditions)}\"\n    try:\n        cursor.execute(select_stmt, values)\n        InDatabase = True\n        \n        if IsStrings:\n            # Fetch the results\n            results = cursor.fetchall()\n            # Print the results\n            return_list = [[str(val) for val in row] for row in results]\n            RowId = len(return_list)\n        else:\n            # Fetch the results\n            results = cursor.fetchall()\n            # Print the results\n            return_list = [list(row) for row in results]\n            RowId = len(return_list)\n        \n    except:\n        InDatabase = False\n        RowId = 0\n        return_list =[]\n    # Commit the changes\n    connection.commit()\n    # Close the connection\n    connection.close()\n    return [InDatabase, RowId, return_list]",
    "import": "import bpy",
    "imperative": "",
    "register": "",
    "unregister": "",
    "variables": [],
    "properties": [],
    "variable_defs": {},
    "properties_defs": {}
}